<?xml version="1.0" encoding="UTF-8"?>
<GenRun Id="impl_1" LaunchPart="xc7z020clg484-1" LaunchTime="1608135350">
  <File Type="ROUTE-PWR-RPX" Name="pwm_glitchless_power_routed.rpx"/>
  <File Type="PA-TCL" Name="pwm_glitchless.tcl"/>
  <File Type="INIT-TIMING" Name="pwm_glitchless_timing_summary_init.rpt"/>
  <File Type="OPT-METHODOLOGY-DRC" Name="pwm_glitchless_methodology_drc_opted.rpt"/>
  <File Type="PWROPT-DRC" Name="pwm_glitchless_drc_pwropted.rpt"/>
  <File Type="RDI-RDI" Name="pwm_glitchless.vdi"/>
  <File Type="OPT-DCP" Name="pwm_glitchless_opt.dcp"/>
  <File Type="OPT-HWDEF" Name="pwm_glitchless.hwdef"/>
  <File Type="OPT-DRC" Name="pwm_glitchless_drc_opted.rpt"/>
  <File Type="OPT-TIMING" Name="pwm_glitchless_timing_summary_opted.rpt"/>
  <File Type="PWROPT-DCP" Name="pwm_glitchless_pwropt.dcp"/>
  <File Type="PWROPT-TIMING" Name="pwm_glitchless_timing_summary_pwropted.rpt"/>
  <File Type="PLACE-DCP" Name="pwm_glitchless_placed.dcp"/>
  <File Type="PLACE-IO" Name="pwm_glitchless_io_placed.rpt"/>
  <File Type="PLACE-CLK" Name="pwm_glitchless_clock_utilization_placed.rpt"/>
  <File Type="PLACE-UTIL" Name="pwm_glitchless_utilization_placed.rpt"/>
  <File Type="PLACE-UTIL-PB" Name="pwm_glitchless_utilization_placed.pb"/>
  <File Type="PLACE-CTRL" Name="pwm_glitchless_control_sets_placed.rpt"/>
  <File Type="PLACE-SIMILARITY" Name="pwm_glitchless_incremental_reuse_placed.rpt"/>
  <File Type="PLACE-PRE-SIMILARITY" Name="pwm_glitchless_incremental_reuse_pre_placed.rpt"/>
  <File Type="PLACE-TIMING" Name="pwm_glitchless_timing_summary_placed.rpt"/>
  <File Type="POSTPLACE-PWROPT-DCP" Name="pwm_glitchless_postplace_pwropt.dcp"/>
  <File Type="POSTPLACE-PWROPT-TIMING" Name="pwm_glitchless_timing_summary_postplace_pwropted.rpt"/>
  <File Type="PHYSOPT-DCP" Name="pwm_glitchless_physopt.dcp"/>
  <File Type="PHYSOPT-DRC" Name="pwm_glitchless_drc_physopted.rpt"/>
  <File Type="PHYSOPT-TIMING" Name="pwm_glitchless_timing_summary_physopted.rpt"/>
  <File Type="ROUTE-ERROR-DCP" Name="pwm_glitchless_routed_error.dcp"/>
  <File Type="ROUTE-DCP" Name="pwm_glitchless_routed.dcp"/>
  <File Type="ROUTE-BLACKBOX-DCP" Name="pwm_glitchless_routed_bb.dcp"/>
  <File Type="ROUTE-DRC" Name="pwm_glitchless_drc_routed.rpt"/>
  <File Type="ROUTE-DRC-PB" Name="pwm_glitchless_drc_routed.pb"/>
  <File Type="ROUTE-DRC-RPX" Name="pwm_glitchless_drc_routed.rpx"/>
  <File Type="BG-BIN" Name="pwm_glitchless.bin"/>
  <File Type="ROUTE-METHODOLOGY-DRC" Name="pwm_glitchless_methodology_drc_routed.rpt"/>
  <File Type="BG-DRC" Name="pwm_glitchless.drc"/>
  <File Type="ROUTE-METHODOLOGY-DRC-RPX" Name="pwm_glitchless_methodology_drc_routed.rpx"/>
  <File Type="BITSTR-MSK" Name="pwm_glitchless.msk"/>
  <File Type="ROUTE-METHODOLOGY-DRC-PB" Name="pwm_glitchless_methodology_drc_routed.pb"/>
  <File Type="BG-BGN" Name="pwm_glitchless.bgn"/>
  <File Type="ROUTE-PWR" Name="pwm_glitchless_power_routed.rpt"/>
  <File Type="ROUTE-PWR-SUM" Name="pwm_glitchless_power_summary_routed.pb"/>
  <File Type="ROUTE-STATUS" Name="pwm_glitchless_route_status.rpt"/>
  <File Type="ROUTE-STATUS-PB" Name="pwm_glitchless_route_status.pb"/>
  <File Type="ROUTE-TIMINGSUMMARY" Name="pwm_glitchless_timing_summary_routed.rpt"/>
  <File Type="ROUTE-TIMING-PB" Name="pwm_glitchless_timing_summary_routed.pb"/>
  <File Type="ROUTE-TIMING-RPX" Name="pwm_glitchless_timing_summary_routed.rpx"/>
  <File Type="ROUTE-SIMILARITY" Name="pwm_glitchless_incremental_reuse_routed.rpt"/>
  <File Type="ROUTE-CLK" Name="pwm_glitchless_clock_utilization_routed.rpt"/>
  <File Type="POSTROUTE-PHYSOPT-DCP" Name="pwm_glitchless_postroute_physopt.dcp"/>
  <File Type="POSTROUTE-PHYSOPT-BLACKBOX-DCP" Name="pwm_glitchless_postroute_physopt_bb.dcp"/>
  <File Type="POSTROUTE-PHYSOPT-TIMING" Name="pwm_glitchless_timing_summary_postroute_physopted.rpt"/>
  <File Type="POSTROUTE-PHYSOPT-TIMING-PB" Name="pwm_glitchless_timing_summary_postroute_physopted.pb"/>
  <File Type="POSTROUTE-PHYSOPT-TIMING-RPX" Name="pwm_glitchless_timing_summary_postroute_physopted.rpx"/>
  <File Type="BG-BIT" Name="pwm_glitchless.bit"/>
  <File Type="BITSTR-RBT" Name="pwm_glitchless.rbt"/>
  <File Type="BITSTR-NKY" Name="pwm_glitchless.nky"/>
  <File Type="BITSTR-BMM" Name="pwm_glitchless_bd.bmm"/>
  <File Type="BITSTR-MMI" Name="pwm_glitchless.mmi"/>
  <File Type="BITSTR-SYSDEF" Name="pwm_glitchless.sysdef"/>
  <File Type="WBT-USG" Name="usage_statistics_webtalk.html"/>
  <FileSet Name="sources" Type="DesignSrcs" RelSrcDir="$PSRCDIR/sources_1">
    <Filter Type="Srcs"/>
    <File Path="$PSRCDIR/sources_1/imports/project_3_pwm/pwm_glitchless.v">
      <FileInfo>
        <Attr Name="ImportPath" Val="$PPRDIR/../../../../../../../ESL_MyHDL/project_3_pwm/pwm_glitchless.v"/>
        <Attr Name="ImportTime" Val="1608133745"/>
        <Attr Name="UsedIn" Val="synthesis"/>
        <Attr Name="UsedIn" Val="implementation"/>
        <Attr Name="UsedIn" Val="simulation"/>
      </FileInfo>
    </File>
    <File Path="$PSRCDIR/sources_1/imports/project_3_pwm/pwm_simple.v">
      <FileInfo>
        <Attr Name="AutoDisabled" Val="1"/>
        <Attr Name="ImportPath" Val="$PPRDIR/../../../../../../../ESL_MyHDL/project_3_pwm/pwm_simple.v"/>
        <Attr Name="ImportTime" Val="1608133747"/>
        <Attr Name="UsedIn" Val="synthesis"/>
        <Attr Name="UsedIn" Val="implementation"/>
        <Attr Name="UsedIn" Val="simulation"/>
      </FileInfo>
    </File>
    <File Path="$PSRCDIR/sources_1/imports/project_3_pwm/tb_pwm_glitchless.v">
      <FileInfo>
        <Attr Name="AutoDisabled" Val="1"/>
        <Attr Name="ImportPath" Val="$PPRDIR/../../../../../../../ESL_MyHDL/project_3_pwm/tb_pwm_glitchless.v"/>
        <Attr Name="ImportTime" Val="1608133748"/>
        <Attr Name="UsedIn" Val="synthesis"/>
        <Attr Name="UsedIn" Val="implementation"/>
        <Attr Name="UsedIn" Val="simulation"/>
      </FileInfo>
    </File>
    <File Path="$PSRCDIR/sources_1/imports/project_3_pwm/pwm_less_simple.v">
      <FileInfo>
        <Attr Name="AutoDisabled" Val="1"/>
        <Attr Name="ImportPath" Val="$PPRDIR/../../../../../../../ESL_MyHDL/project_3_pwm/pwm_less_simple.v"/>
        <Attr Name="ImportTime" Val="1608133746"/>
        <Attr Name="UsedIn" Val="synthesis"/>
        <Attr Name="UsedIn" Val="implementation"/>
        <Attr Name="UsedIn" Val="simulation"/>
      </FileInfo>
    </File>
    <File Path="$PSRCDIR/sources_1/imports/project_3_pwm/tb_pwm_less_simple.v">
      <FileInfo>
        <Attr Name="AutoDisabled" Val="1"/>
        <Attr Name="ImportPath" Val="$PPRDIR/../../../../../../../ESL_MyHDL/project_3_pwm/tb_pwm_less_simple.v"/>
        <Attr Name="ImportTime" Val="1608133749"/>
        <Attr Name="UsedIn" Val="synthesis"/>
        <Attr Name="UsedIn" Val="implementation"/>
        <Attr Name="UsedIn" Val="simulation"/>
      </FileInfo>
    </File>
    <File Path="$PSRCDIR/sources_1/imports/project_3_pwm/tb_pwm_simple.v">
      <FileInfo>
        <Attr Name="AutoDisabled" Val="1"/>
        <Attr Name="ImportPath" Val="$PPRDIR/../../../../../../../ESL_MyHDL/project_3_pwm/tb_pwm_simple.v"/>
        <Attr Name="ImportTime" Val="1608133750"/>
        <Attr Name="UsedIn" Val="synthesis"/>
        <Attr Name="UsedIn" Val="implementation"/>
        <Attr Name="UsedIn" Val="simulation"/>
      </FileInfo>
    </File>
    <File Path="$PSRCDIR/sources_1/imports/project_3_pwm/tb_wax_wane.v">
      <FileInfo>
        <Attr Name="AutoDisabled" Val="1"/>
        <Attr Name="ImportPath" Val="$PPRDIR/../../../../../../../ESL_MyHDL/project_3_pwm/tb_wax_wane.v"/>
        <Attr Name="ImportTime" Val="1608133751"/>
        <Attr Name="UsedIn" Val="synthesis"/>
        <Attr Name="UsedIn" Val="implementation"/>
        <Attr Name="UsedIn" Val="simulation"/>
      </FileInfo>
    </File>
    <File Path="$PSRCDIR/sources_1/imports/project_3_pwm/wax_wane.v">
      <FileInfo>
        <Attr Name="AutoDisabled" Val="1"/>
        <Attr Name="ImportPath" Val="$PPRDIR/../../../../../../../ESL_MyHDL/project_3_pwm/wax_wane.v"/>
        <Attr Name="ImportTime" Val="1608133752"/>
        <Attr Name="UsedIn" Val="synthesis"/>
        <Attr Name="UsedIn" Val="implementation"/>
        <Attr Name="UsedIn" Val="simulation"/>
      </FileInfo>
    </File>
    <Config>
      <Option Name="DesignMode" Val="RTL"/>
      <Option Name="TopModule" Val="pwm_glitchless"/>
    </Config>
  </FileSet>
  <FileSet Name="constrs_in" Type="Constrs" RelSrcDir="$PSRCDIR/constrs_1">
    <Filter Type="Constrs"/>
    <File Path="$PSRCDIR/constrs_1/new/pinouts.xdc">
      <FileInfo>
        <Attr Name="ImportPath" Val="$PPRDIR/../../../../../3/project_3_pwm/project_3_pwm.srcs/constrs_1/new/pinouts.xdc"/>
        <Attr Name="ImportTime" Val="1608135340"/>
        <Attr Name="UsedIn" Val="synthesis"/>
        <Attr Name="UsedIn" Val="implementation"/>
      </FileInfo>
    </File>
    <Config>
      <Option Name="TargetConstrsFile" Val="$PSRCDIR/constrs_1/new/pinouts.xdc"/>
      <Option Name="ConstrsType" Val="XDC"/>
    </Config>
  </FileSet>
  <Strategy Version="1" Minor="2">
    <StratHandle Name="Vivado Implementation Defaults" Flow="Vivado Implementation 2017"/>
    <Step Id="init_design"/>
    <Step Id="opt_design"/>
    <Step Id="power_opt_design"/>
    <Step Id="place_design"/>
    <Step Id="post_place_power_opt_design"/>
    <Step Id="phys_opt_design"/>
    <Step Id="route_design"/>
    <Step Id="post_route_phys_opt_design"/>
    <Step Id="write_bitstream"/>
  </Strategy>
</GenRun>
