<?xml version="1.0" encoding="UTF-8"?>
<GenRun Id="synth_1" LaunchPart="xc7z020clg484-1" LaunchTime="1608135350">
  <File Type="PA-TCL" Name="pwm_glitchless.tcl"/>
  <File Type="RDS-PROPCONSTRS" Name="pwm_glitchless_drc_synth.rpt"/>
  <File Type="RDS-RDS" Name="pwm_glitchless.vds"/>
  <File Type="RDS-UTIL" Name="pwm_glitchless_utilization_synth.rpt"/>
  <File Type="RDS-UTIL-PB" Name="pwm_glitchless_utilization_synth.pb"/>
  <File Type="RDS-DCP" Name="pwm_glitchless.dcp"/>
  <File Type="VDS-TIMINGSUMMARY" Name="pwm_glitchless_timing_summary_synth.rpt"/>
  <File Type="VDS-TIMING-PB" Name="pwm_glitchless_timing_summary_synth.pb"/>
  <FileSet Name="sources" Type="DesignSrcs" RelSrcDir="$PSRCDIR/sources_1">
    <Filter Type="Srcs"/>
    <File Path="$PSRCDIR/sources_1/imports/project_3_pwm/pwm_glitchless.v">
      <FileInfo>
        <Attr Name="ImportPath" Val="$PPRDIR/../../../../../../../ESL_MyHDL/project_3_pwm/pwm_glitchless.v"/>
        <Attr Name="ImportTime" Val="1608133745"/>
        <Attr Name="UsedIn" Val="synthesis"/>
        <Attr Name="UsedIn" Val="implementation"/>
        <Attr Name="UsedIn" Val="simulation"/>
      </FileInfo>
    </File>
    <File Path="$PSRCDIR/sources_1/imports/project_3_pwm/pwm_simple.v">
      <FileInfo>
        <Attr Name="AutoDisabled" Val="1"/>
        <Attr Name="ImportPath" Val="$PPRDIR/../../../../../../../ESL_MyHDL/project_3_pwm/pwm_simple.v"/>
        <Attr Name="ImportTime" Val="1608133747"/>
        <Attr Name="UsedIn" Val="synthesis"/>
        <Attr Name="UsedIn" Val="implementation"/>
        <Attr Name="UsedIn" Val="simulation"/>
      </FileInfo>
    </File>
    <File Path="$PSRCDIR/sources_1/imports/project_3_pwm/tb_pwm_glitchless.v">
      <FileInfo>
        <Attr Name="AutoDisabled" Val="1"/>
        <Attr Name="ImportPath" Val="$PPRDIR/../../../../../../../ESL_MyHDL/project_3_pwm/tb_pwm_glitchless.v"/>
        <Attr Name="ImportTime" Val="1608133748"/>
        <Attr Name="UsedIn" Val="synthesis"/>
        <Attr Name="UsedIn" Val="implementation"/>
        <Attr Name="UsedIn" Val="simulation"/>
      </FileInfo>
    </File>
    <File Path="$PSRCDIR/sources_1/imports/project_3_pwm/pwm_less_simple.v">
      <FileInfo>
        <Attr Name="AutoDisabled" Val="1"/>
        <Attr Name="ImportPath" Val="$PPRDIR/../../../../../../../ESL_MyHDL/project_3_pwm/pwm_less_simple.v"/>
        <Attr Name="ImportTime" Val="1608133746"/>
        <Attr Name="UsedIn" Val="synthesis"/>
        <Attr Name="UsedIn" Val="implementation"/>
        <Attr Name="UsedIn" Val="simulation"/>
      </FileInfo>
    </File>
    <File Path="$PSRCDIR/sources_1/imports/project_3_pwm/tb_pwm_less_simple.v">
      <FileInfo>
        <Attr Name="AutoDisabled" Val="1"/>
        <Attr Name="ImportPath" Val="$PPRDIR/../../../../../../../ESL_MyHDL/project_3_pwm/tb_pwm_less_simple.v"/>
        <Attr Name="ImportTime" Val="1608133749"/>
        <Attr Name="UsedIn" Val="synthesis"/>
        <Attr Name="UsedIn" Val="implementation"/>
        <Attr Name="UsedIn" Val="simulation"/>
      </FileInfo>
    </File>
    <File Path="$PSRCDIR/sources_1/imports/project_3_pwm/tb_pwm_simple.v">
      <FileInfo>
        <Attr Name="AutoDisabled" Val="1"/>
        <Attr Name="ImportPath" Val="$PPRDIR/../../../../../../../ESL_MyHDL/project_3_pwm/tb_pwm_simple.v"/>
        <Attr Name="ImportTime" Val="1608133750"/>
        <Attr Name="UsedIn" Val="synthesis"/>
        <Attr Name="UsedIn" Val="implementation"/>
        <Attr Name="UsedIn" Val="simulation"/>
      </FileInfo>
    </File>
    <File Path="$PSRCDIR/sources_1/imports/project_3_pwm/tb_wax_wane.v">
      <FileInfo>
        <Attr Name="AutoDisabled" Val="1"/>
        <Attr Name="ImportPath" Val="$PPRDIR/../../../../../../../ESL_MyHDL/project_3_pwm/tb_wax_wane.v"/>
        <Attr Name="ImportTime" Val="1608133751"/>
        <Attr Name="UsedIn" Val="synthesis"/>
        <Attr Name="UsedIn" Val="implementation"/>
        <Attr Name="UsedIn" Val="simulation"/>
      </FileInfo>
    </File>
    <File Path="$PSRCDIR/sources_1/imports/project_3_pwm/wax_wane.v">
      <FileInfo>
        <Attr Name="AutoDisabled" Val="1"/>
        <Attr Name="ImportPath" Val="$PPRDIR/../../../../../../../ESL_MyHDL/project_3_pwm/wax_wane.v"/>
        <Attr Name="ImportTime" Val="1608133752"/>
        <Attr Name="UsedIn" Val="synthesis"/>
        <Attr Name="UsedIn" Val="implementation"/>
        <Attr Name="UsedIn" Val="simulation"/>
      </FileInfo>
    </File>
    <Config>
      <Option Name="DesignMode" Val="RTL"/>
      <Option Name="TopModule" Val="pwm_glitchless"/>
    </Config>
  </FileSet>
  <FileSet Name="constrs_in" Type="Constrs" RelSrcDir="$PSRCDIR/constrs_1">
    <Filter Type="Constrs"/>
    <File Path="$PSRCDIR/constrs_1/new/pinouts.xdc">
      <FileInfo>
        <Attr Name="ImportPath" Val="$PPRDIR/../../../../../3/project_3_pwm/project_3_pwm.srcs/constrs_1/new/pinouts.xdc"/>
        <Attr Name="ImportTime" Val="1608135340"/>
        <Attr Name="UsedIn" Val="synthesis"/>
        <Attr Name="UsedIn" Val="implementation"/>
      </FileInfo>
    </File>
    <Config>
      <Option Name="TargetConstrsFile" Val="$PSRCDIR/constrs_1/new/pinouts.xdc"/>
      <Option Name="ConstrsType" Val="XDC"/>
    </Config>
  </FileSet>
  <Strategy Version="1" Minor="2">
    <StratHandle Name="Vivado Synthesis Defaults" Flow="Vivado Synthesis 2017"/>
    <Step Id="synth_design"/>
  </Strategy>
</GenRun>
