<?xml version="1.0" encoding="UTF-8"?>
<GenRun Id="impl_1" LaunchPart="xc7z020clg484-1" LaunchTime="1608138514">
  <File Type="ROUTE-PWR-RPX" Name="classic_fsm_power_routed.rpx"/>
  <File Type="PA-TCL" Name="classic_fsm.tcl"/>
  <File Type="INIT-TIMING" Name="classic_fsm_timing_summary_init.rpt"/>
  <File Type="OPT-METHODOLOGY-DRC" Name="classic_fsm_methodology_drc_opted.rpt"/>
  <File Type="PWROPT-DRC" Name="classic_fsm_drc_pwropted.rpt"/>
  <File Type="RDI-RDI" Name="classic_fsm.vdi"/>
  <File Type="OPT-DCP" Name="classic_fsm_opt.dcp"/>
  <File Type="OPT-HWDEF" Name="classic_fsm.hwdef"/>
  <File Type="OPT-DRC" Name="classic_fsm_drc_opted.rpt"/>
  <File Type="OPT-TIMING" Name="classic_fsm_timing_summary_opted.rpt"/>
  <File Type="PWROPT-DCP" Name="classic_fsm_pwropt.dcp"/>
  <File Type="PWROPT-TIMING" Name="classic_fsm_timing_summary_pwropted.rpt"/>
  <File Type="PLACE-DCP" Name="classic_fsm_placed.dcp"/>
  <File Type="PLACE-IO" Name="classic_fsm_io_placed.rpt"/>
  <File Type="PLACE-CLK" Name="classic_fsm_clock_utilization_placed.rpt"/>
  <File Type="PLACE-UTIL" Name="classic_fsm_utilization_placed.rpt"/>
  <File Type="PLACE-UTIL-PB" Name="classic_fsm_utilization_placed.pb"/>
  <File Type="PLACE-CTRL" Name="classic_fsm_control_sets_placed.rpt"/>
  <File Type="PLACE-SIMILARITY" Name="classic_fsm_incremental_reuse_placed.rpt"/>
  <File Type="PLACE-PRE-SIMILARITY" Name="classic_fsm_incremental_reuse_pre_placed.rpt"/>
  <File Type="PLACE-TIMING" Name="classic_fsm_timing_summary_placed.rpt"/>
  <File Type="POSTPLACE-PWROPT-DCP" Name="classic_fsm_postplace_pwropt.dcp"/>
  <File Type="POSTPLACE-PWROPT-TIMING" Name="classic_fsm_timing_summary_postplace_pwropted.rpt"/>
  <File Type="PHYSOPT-DCP" Name="classic_fsm_physopt.dcp"/>
  <File Type="PHYSOPT-DRC" Name="classic_fsm_drc_physopted.rpt"/>
  <File Type="PHYSOPT-TIMING" Name="classic_fsm_timing_summary_physopted.rpt"/>
  <File Type="ROUTE-ERROR-DCP" Name="classic_fsm_routed_error.dcp"/>
  <File Type="ROUTE-DCP" Name="classic_fsm_routed.dcp"/>
  <File Type="ROUTE-BLACKBOX-DCP" Name="classic_fsm_routed_bb.dcp"/>
  <File Type="ROUTE-DRC" Name="classic_fsm_drc_routed.rpt"/>
  <File Type="ROUTE-DRC-PB" Name="classic_fsm_drc_routed.pb"/>
  <File Type="ROUTE-DRC-RPX" Name="classic_fsm_drc_routed.rpx"/>
  <File Type="BG-BIN" Name="classic_fsm.bin"/>
  <File Type="ROUTE-METHODOLOGY-DRC" Name="classic_fsm_methodology_drc_routed.rpt"/>
  <File Type="BG-DRC" Name="classic_fsm.drc"/>
  <File Type="ROUTE-METHODOLOGY-DRC-RPX" Name="classic_fsm_methodology_drc_routed.rpx"/>
  <File Type="BITSTR-MSK" Name="classic_fsm.msk"/>
  <File Type="ROUTE-METHODOLOGY-DRC-PB" Name="classic_fsm_methodology_drc_routed.pb"/>
  <File Type="BG-BGN" Name="classic_fsm.bgn"/>
  <File Type="ROUTE-PWR" Name="classic_fsm_power_routed.rpt"/>
  <File Type="ROUTE-PWR-SUM" Name="classic_fsm_power_summary_routed.pb"/>
  <File Type="ROUTE-STATUS" Name="classic_fsm_route_status.rpt"/>
  <File Type="ROUTE-STATUS-PB" Name="classic_fsm_route_status.pb"/>
  <File Type="ROUTE-TIMINGSUMMARY" Name="classic_fsm_timing_summary_routed.rpt"/>
  <File Type="ROUTE-TIMING-PB" Name="classic_fsm_timing_summary_routed.pb"/>
  <File Type="ROUTE-TIMING-RPX" Name="classic_fsm_timing_summary_routed.rpx"/>
  <File Type="ROUTE-SIMILARITY" Name="classic_fsm_incremental_reuse_routed.rpt"/>
  <File Type="ROUTE-CLK" Name="classic_fsm_clock_utilization_routed.rpt"/>
  <File Type="POSTROUTE-PHYSOPT-DCP" Name="classic_fsm_postroute_physopt.dcp"/>
  <File Type="POSTROUTE-PHYSOPT-BLACKBOX-DCP" Name="classic_fsm_postroute_physopt_bb.dcp"/>
  <File Type="POSTROUTE-PHYSOPT-TIMING" Name="classic_fsm_timing_summary_postroute_physopted.rpt"/>
  <File Type="POSTROUTE-PHYSOPT-TIMING-PB" Name="classic_fsm_timing_summary_postroute_physopted.pb"/>
  <File Type="POSTROUTE-PHYSOPT-TIMING-RPX" Name="classic_fsm_timing_summary_postroute_physopted.rpx"/>
  <File Type="BG-BIT" Name="classic_fsm.bit"/>
  <File Type="BITSTR-RBT" Name="classic_fsm.rbt"/>
  <File Type="BITSTR-NKY" Name="classic_fsm.nky"/>
  <File Type="BITSTR-BMM" Name="classic_fsm_bd.bmm"/>
  <File Type="BITSTR-MMI" Name="classic_fsm.mmi"/>
  <File Type="BITSTR-SYSDEF" Name="classic_fsm.sysdef"/>
  <File Type="WBT-USG" Name="usage_statistics_webtalk.html"/>
  <FileSet Name="sources" Type="DesignSrcs" RelSrcDir="$PSRCDIR/sources_1">
    <Filter Type="Srcs"/>
    <File Path="$PSRCDIR/sources_1/imports/project_5_fsm/classic_fsm.v">
      <FileInfo>
        <Attr Name="ImportPath" Val="$PPRDIR/../../../../../../../ESL_MyHDL/project_5_fsm/classic_fsm.v"/>
        <Attr Name="ImportTime" Val="1608138198"/>
        <Attr Name="UsedIn" Val="synthesis"/>
        <Attr Name="UsedIn" Val="implementation"/>
        <Attr Name="UsedIn" Val="simulation"/>
      </FileInfo>
    </File>
    <File Path="$PSRCDIR/sources_1/imports/project_5_fsm/tb_classic_fsm.v">
      <FileInfo>
        <Attr Name="AutoDisabled" Val="1"/>
        <Attr Name="ImportPath" Val="$PPRDIR/../../../../../../../ESL_MyHDL/project_5_fsm/tb_classic_fsm.v"/>
        <Attr Name="ImportTime" Val="1608138195"/>
        <Attr Name="UsedIn" Val="synthesis"/>
        <Attr Name="UsedIn" Val="implementation"/>
        <Attr Name="UsedIn" Val="simulation"/>
      </FileInfo>
    </File>
    <Config>
      <Option Name="DesignMode" Val="RTL"/>
      <Option Name="TopModule" Val="classic_fsm"/>
    </Config>
  </FileSet>
  <FileSet Name="constrs_in" Type="Constrs" RelSrcDir="$PSRCDIR/constrs_1">
    <Filter Type="Constrs"/>
    <File Path="$PSRCDIR/constrs_1/new/pinouts.xdc">
      <FileInfo>
        <Attr Name="ImportPath" Val="$PPRDIR/../../../../../../../ESL_MyHDL/project_5_fsm/project_5_fsm/project_5_fsm.srcs/constrs_1/new/pinouts.xdc"/>
        <Attr Name="ImportTime" Val="1608138509"/>
        <Attr Name="UsedIn" Val="synthesis"/>
        <Attr Name="UsedIn" Val="implementation"/>
      </FileInfo>
    </File>
    <Config>
      <Option Name="TargetConstrsFile" Val="$PSRCDIR/constrs_1/new/pinouts.xdc"/>
      <Option Name="ConstrsType" Val="XDC"/>
    </Config>
  </FileSet>
  <Strategy Version="1" Minor="2">
    <StratHandle Name="Vivado Implementation Defaults" Flow="Vivado Implementation 2017"/>
    <Step Id="init_design"/>
    <Step Id="opt_design"/>
    <Step Id="power_opt_design"/>
    <Step Id="place_design"/>
    <Step Id="post_place_power_opt_design"/>
    <Step Id="phys_opt_design"/>
    <Step Id="route_design"/>
    <Step Id="post_route_phys_opt_design"/>
    <Step Id="write_bitstream"/>
  </Strategy>
</GenRun>
