<?xml version="1.0" encoding="UTF-8"?>
<GenRun Id="synth_1" LaunchPart="xc7z020clg484-1" LaunchTime="1608131645">
  <File Type="PA-TCL" Name="blinker.tcl"/>
  <File Type="RDS-PROPCONSTRS" Name="blinker_drc_synth.rpt"/>
  <File Type="RDS-RDS" Name="blinker.vds"/>
  <File Type="RDS-UTIL" Name="blinker_utilization_synth.rpt"/>
  <File Type="RDS-UTIL-PB" Name="blinker_utilization_synth.pb"/>
  <File Type="RDS-DCP" Name="blinker.dcp"/>
  <File Type="VDS-TIMINGSUMMARY" Name="blinker_timing_summary_synth.rpt"/>
  <File Type="VDS-TIMING-PB" Name="blinker_timing_summary_synth.pb"/>
  <FileSet Name="sources" Type="DesignSrcs" RelSrcDir="$PSRCDIR/sources_1">
    <Filter Type="Srcs"/>
    <File Path="$PSRCDIR/sources_1/imports/1_blinker/blinker.v">
      <FileInfo>
        <Attr Name="ImportPath" Val="$PPRDIR/../../../../../../../../../../../../../../../../PycharmProjects/pygmyhdl/examples/1_blinker/blinker.v"/>
        <Attr Name="ImportTime" Val="1606406707"/>
        <Attr Name="UsedIn" Val="synthesis"/>
        <Attr Name="UsedIn" Val="implementation"/>
        <Attr Name="UsedIn" Val="simulation"/>
      </FileInfo>
    </File>
    <File Path="$PSRCDIR/sources_1/imports/project_1/archive_project_summary.txt">
      <FileInfo>
        <Attr Name="ImportPath" Val="$PPRDIR/../../../../../../../../../../../ESL_MyHDL/project_1_blinker/project_1/archive_project_summary.txt"/>
        <Attr Name="ImportTime" Val="1606481856"/>
      </FileInfo>
    </File>
    <File Path="$PSRCDIR/sources_1/imports/project_1_blinker/archive_project_summary.txt">
      <FileInfo>
        <Attr Name="ImportPath" Val="$PPRDIR/../../../../../../../ESL_MyHDL/project_1_blinker/project_1_blinker/archive_project_summary.txt"/>
        <Attr Name="ImportTime" Val="1608130450"/>
      </FileInfo>
    </File>
    <Config>
      <Option Name="DesignMode" Val="RTL"/>
      <Option Name="TopModule" Val="blinker"/>
      <Option Name="TopAutoSet" Val="TRUE"/>
    </Config>
  </FileSet>
  <FileSet Name="constrs_in" Type="Constrs" RelSrcDir="$PSRCDIR/constrs_1">
    <Filter Type="Constrs"/>
    <File Path="$PSRCDIR/constrs_1/new/pinout.xdc">
      <FileInfo>
        <Attr Name="ImportPath" Val="$PPRDIR/../../../../../../../../../../../../../../../../PycharmProjects/vivado/project_1/project_1.srcs/constrs_1/new/pinout.xdc"/>
        <Attr Name="ImportTime" Val="1606410097"/>
        <Attr Name="UsedIn" Val="synthesis"/>
        <Attr Name="UsedIn" Val="implementation"/>
      </FileInfo>
    </File>
    <Config>
      <Option Name="TargetConstrsFile" Val="$PSRCDIR/constrs_1/new/pinout.xdc"/>
      <Option Name="ConstrsType" Val="XDC"/>
    </Config>
  </FileSet>
  <Strategy Version="1" Minor="2">
    <StratHandle Name="Vivado Synthesis Defaults" Flow="Vivado Synthesis 2017"/>
    <Step Id="synth_design"/>
  </Strategy>
</GenRun>
