<?xml version="1.0" encoding="UTF-8"?>
<GenRun Id="synth_1" LaunchPart="xc7z020clg484-1" LaunchTime="1608137337">
  <File Type="PA-TCL" Name="record_play.tcl"/>
  <File Type="RDS-PROPCONSTRS" Name="record_play_drc_synth.rpt"/>
  <File Type="RDS-RDS" Name="record_play.vds"/>
  <File Type="RDS-UTIL" Name="record_play_utilization_synth.rpt"/>
  <File Type="RDS-UTIL-PB" Name="record_play_utilization_synth.pb"/>
  <File Type="RDS-DCP" Name="record_play.dcp"/>
  <File Type="VDS-TIMINGSUMMARY" Name="record_play_timing_summary_synth.rpt"/>
  <File Type="VDS-TIMING-PB" Name="record_play_timing_summary_synth.pb"/>
  <FileSet Name="sources" Type="DesignSrcs" RelSrcDir="$PSRCDIR/sources_1">
    <Filter Type="Srcs"/>
    <File Path="$PSRCDIR/sources_1/imports/project_4_blockram/record_play.v">
      <FileInfo>
        <Attr Name="ImportPath" Val="$PPRDIR/../../../../../../../ESL_MyHDL/project_4_blockram/record_play.v"/>
        <Attr Name="ImportTime" Val="1608136930"/>
        <Attr Name="UsedIn" Val="synthesis"/>
        <Attr Name="UsedIn" Val="implementation"/>
        <Attr Name="UsedIn" Val="simulation"/>
      </FileInfo>
    </File>
    <File Path="$PSRCDIR/sources_1/imports/project_4_blockram/tb_record_play.v">
      <FileInfo>
        <Attr Name="AutoDisabled" Val="1"/>
        <Attr Name="ImportPath" Val="$PPRDIR/../../../../../../../ESL_MyHDL/project_4_blockram/tb_record_play.v"/>
        <Attr Name="ImportTime" Val="1608136932"/>
        <Attr Name="UsedIn" Val="synthesis"/>
        <Attr Name="UsedIn" Val="implementation"/>
        <Attr Name="UsedIn" Val="simulation"/>
      </FileInfo>
    </File>
    <Config>
      <Option Name="DesignMode" Val="RTL"/>
      <Option Name="TopModule" Val="record_play"/>
    </Config>
  </FileSet>
  <FileSet Name="constrs_in" Type="Constrs" RelSrcDir="$PSRCDIR/constrs_1">
    <Filter Type="Constrs"/>
    <File Path="$PSRCDIR/constrs_1/new/pinouts.xdc">
      <FileInfo>
        <Attr Name="ImportPath" Val="$PPRDIR/../../../../../../../ESL_MyHDL/project_4_blockram/project_4_blockram/project_4_blockram.srcs/constrs_1/new/pinouts.xdc"/>
        <Attr Name="ImportTime" Val="1608137331"/>
        <Attr Name="UsedIn" Val="synthesis"/>
        <Attr Name="UsedIn" Val="implementation"/>
      </FileInfo>
    </File>
    <Config>
      <Option Name="TargetConstrsFile" Val="$PSRCDIR/constrs_1/new/pinouts.xdc"/>
      <Option Name="ConstrsType" Val="XDC"/>
    </Config>
  </FileSet>
  <Strategy Version="1" Minor="2">
    <StratHandle Name="Vivado Synthesis Defaults" Flow="Vivado Synthesis 2017"/>
    <Step Id="synth_design"/>
  </Strategy>
</GenRun>
