<?xml version="1.0" encoding="UTF-8"?>
<GenRun Id="synth_1" LaunchPart="xc7z020clg484-1" LaunchTime="1608138514">
  <File Type="PA-TCL" Name="classic_fsm.tcl"/>
  <File Type="RDS-PROPCONSTRS" Name="classic_fsm_drc_synth.rpt"/>
  <File Type="RDS-RDS" Name="classic_fsm.vds"/>
  <File Type="RDS-UTIL" Name="classic_fsm_utilization_synth.rpt"/>
  <File Type="RDS-UTIL-PB" Name="classic_fsm_utilization_synth.pb"/>
  <File Type="RDS-DCP" Name="classic_fsm.dcp"/>
  <File Type="VDS-TIMINGSUMMARY" Name="classic_fsm_timing_summary_synth.rpt"/>
  <File Type="VDS-TIMING-PB" Name="classic_fsm_timing_summary_synth.pb"/>
  <FileSet Name="sources" Type="DesignSrcs" RelSrcDir="$PSRCDIR/sources_1">
    <Filter Type="Srcs"/>
    <File Path="$PSRCDIR/sources_1/imports/project_5_fsm/classic_fsm.v">
      <FileInfo>
        <Attr Name="ImportPath" Val="$PPRDIR/../../../../../../../ESL_MyHDL/project_5_fsm/classic_fsm.v"/>
        <Attr Name="ImportTime" Val="1608138198"/>
        <Attr Name="UsedIn" Val="synthesis"/>
        <Attr Name="UsedIn" Val="implementation"/>
        <Attr Name="UsedIn" Val="simulation"/>
      </FileInfo>
    </File>
    <File Path="$PSRCDIR/sources_1/imports/project_5_fsm/tb_classic_fsm.v">
      <FileInfo>
        <Attr Name="AutoDisabled" Val="1"/>
        <Attr Name="ImportPath" Val="$PPRDIR/../../../../../../../ESL_MyHDL/project_5_fsm/tb_classic_fsm.v"/>
        <Attr Name="ImportTime" Val="1608138195"/>
        <Attr Name="UsedIn" Val="synthesis"/>
        <Attr Name="UsedIn" Val="implementation"/>
        <Attr Name="UsedIn" Val="simulation"/>
      </FileInfo>
    </File>
    <Config>
      <Option Name="DesignMode" Val="RTL"/>
      <Option Name="TopModule" Val="classic_fsm"/>
    </Config>
  </FileSet>
  <FileSet Name="constrs_in" Type="Constrs" RelSrcDir="$PSRCDIR/constrs_1">
    <Filter Type="Constrs"/>
    <File Path="$PSRCDIR/constrs_1/new/pinouts.xdc">
      <FileInfo>
        <Attr Name="ImportPath" Val="$PPRDIR/../../../../../../../ESL_MyHDL/project_5_fsm/project_5_fsm/project_5_fsm.srcs/constrs_1/new/pinouts.xdc"/>
        <Attr Name="ImportTime" Val="1608138509"/>
        <Attr Name="UsedIn" Val="synthesis"/>
        <Attr Name="UsedIn" Val="implementation"/>
      </FileInfo>
    </File>
    <Config>
      <Option Name="TargetConstrsFile" Val="$PSRCDIR/constrs_1/new/pinouts.xdc"/>
      <Option Name="ConstrsType" Val="XDC"/>
    </Config>
  </FileSet>
  <Strategy Version="1" Minor="2">
    <StratHandle Name="Vivado Synthesis Defaults" Flow="Vivado Synthesis 2017"/>
    <Step Id="synth_design"/>
  </Strategy>
</GenRun>
